{
  "camera_intrinsics": {
    "fx": 385.4,
    "fy": 385.4,
    "cx": 317.4,
    "cy": 244.0
  },
  "objects": [
    {
      "object_id": 0,
      "mask_file": "mask_000.png",
      "mesh_path": "obj_0000.obj",
      "pose": {
        "position_m": [
          0.0880712941288948,
          -0.08564990758895874,
          0.491030752658844
        ],
        "orientation_quat_xyzw": [
          0.2662656605243683,
          0.879479706287384,
          0.3773201107978821,
          0.11509814113378525
        ]
      },
      "scale": [
        0.1528637856245041,
        0.1528637856245041,
        0.1528637856245041
      ],
      "reconstruction_status": "ok"
    },
    {
      "object_id": 1,
      "mask_file": "mask_001.png",
      "mesh_path": "obj_0001.obj",
      "pose": {
        "position_m": [
          -0.1170576885342598,
          -0.008304985240101814,
          0.5391110777854919
        ],
        "orientation_quat_xyzw": [
          -0.287418395280838,
          0.5566380620002747,
          -0.447620153427124,
          0.6381072998046875
        ]
      },
      "scale": [
        0.06824132055044174,
        0.06824132055044174,
        0.06824132055044174
      ],
      "reconstruction_status": "ok"
    }
  ]
}